Accented,Word,euspelling
aperçu,apercu,
aperçus,apercus,
attaché,attache,
attachés,attaches,attashehs
blasé,blase,
bobèche,bobeche,
bobèches,bobeches,
bouchée,bouchee,
bouchées,bouchees,
bourrée,bourree,
boutonnière,boutonniere,
boutonnières,boutonnieres,
béchamel,bechamel,
béret,beret,
bérets,berets,
bœuf,boeuf,
café,cafe,
cafés,cafes,
calèche,caleche,
calèches,caleches,
canapé,canape,
canapés,canapes,
caïque,caique,
caïques,caiques,
champlevé,champleve,
chassé,chasse,
chassés,chasses,
château,chateau,
châteaus,chateaus,
châteaux,chateaux,
châtelain,chatelain,
châtelaine,chatelaine,
châtelaines,chatelaines,
châtelains,chatelains,
chèvre,chevre,
cliché,cliche,
clichéd,cliched,
clichés,cliches,
consommé,consomme,
consommés,consommes,
coulée,coulee,
coulées,coulees,
crudités,crudites,
crèche,creche,
crèches,creches,
crème,creme,
crèmes,cremes,
distingué,distingue,
débouché,debouche,
débouchés,debouches,debooshehs
débris,debris,
début,debut,
débuted,debuted,
débuting,debuting,
débuts,debuts,
déclassé,declasse,
décolleté,decollete,
dégagé,degage,
démarche,demarche,
démarches,demarches,
démodé,demode,
dépôt,depot,
dépôts,depots,
entrée,entree,
entrées,entrees,
façade,facade,
façades,facades,
fiancé,fiance,
fiancés,fiances,
flambé,flambe,
flambée,flambee,
flambéed,flambeed,
flambéing,flambeing,
flambés,flambes,
flèche,fleche,
flèches,fleches,
fouetté,fouette,
fouettés,fouettes,
fourragère,fourragere,
fourragères,fourrageres,
frappé,frappe,
frappés,frappes,
fraîcheur,fraicheur,
garçon,garcon,
garçons,garcons,
glacé,glace,
gâteau,gateau,
gâteaus,gateaus,
gâteaux,gateaux,
limaçon,limacon,
limaçons,limacons,
macramé,macrame,
macramés,macrames,
manqué,manque,manqeh
matinée,matinee,
matinées,matinees,
mouillé,mouille,
métier,metier,
métiers,metiers,
outré,outre,
passé,passe,
plissé,plisse,
plissés,plisses,
protégé,protege,
protégée,protegee,
protégées,protegees,
protégés,proteges,
précis,precis,
précised,precised,
précises,precises,
purée,puree,
puréed,pureed,
puréeing,pureeing,
purées,purees,
pâtissier,patissier,
pâtissiers,patissiers,
pâté,pate,
pâtés,pates,
recherché,recherche,
repoussé,repousse,
repoussés,repousses,
repêchage,repechage,
repêchages,repechages,
roué,roue,
roués,roues,
réchauffé,rechauffe,
réchauffés,rechauffes,
réduit,reduit,
réduits,reduits,
régime,regime,
régimes,regimes,
régisseur,regisseur,
régisseurs,regisseurs,
réseau,reseau,
réseaus,reseaus,
réseaux,reseaux,
soigné,soigne,
soignée,soignee,
soirée,soiree,
soirées,soirees,
solfège,solfege,
soufflé,souffle,
souffléd,souffled,
souffléed,souffleed,
soufflés,souffles,
soupçon,soupcon,
soupçons,soupcons,
torchère,torchere,
torchères,torcheres,
touché,touche,
toupée,toupee,
toupées,toupees,
trouvère,trouvere,
trouvères,trouveres,
trébuchet,trebuchet,
trébuchets,trebuchets,
unclichéd,uncliched,
velouté,veloute,
échelle,echelle,
échelles,echelles,
échelon,echelon,
écheloned,echeloned,
écheloning,echeloning,
échelons,echelons,
émigré,emigre,
émigrés,emigres,
étouffée,etouffee,
étouffées,etouffees,
