# GENERATED by build/derive-ipa.py --enc 101 --syllables 1 (CMUdict, General American).
# grapheme = euspelling; ipa = headword pronunciation; gloss = headword.
grapheme,ipa,gloss
aihle,aɪl,aisle
aihles,aɪlz,aisles
arqh,ɑɹtʃ,arch
aw,ɑ,awe
bahk,bɔk,balk
bahm,bɑm,balm
bahms,bɑmz,balms
beaqh,bitʃ,beach
beeqh,bitʃ,beech
belqh,bɛltʃ,belch
benqh,bɛntʃ,bench
biht,baɪt,bight
bild,bɪld,build
bilt,bɪlt,built
birqh,bɝtʃ,birch
bisq,bɪsk,bisque
blanqh,blæntʃ,blanch
bleaqh,blitʃ,bleach
bliht,blaɪt,blight
bludd,blʌd,blood
blynd,blaɪnd,blind
boeth,boʊθ,both
boht,bɑt,bought
bool,bul,boule
bouh,baʊ,bough
bouhs,baʊz,boughs
braek,bɹeɪk,break
branqh,bɹæntʃ,branch
braqh,bɹætʃ,brach
breaqh,bɹitʃ,breach
bredd,bɹɛd,bread
bredth,bɹɛdθ,breadth
breeqh,bɹitʃ,breech
brest,bɹɛst,breast
breth,bɹɛθ,breath
breths,bɹɛθs,breaths
briht,bɹaɪt,bright
broaqh,bɹoʊtʃ,broach
brodd,bɹɔd,broad
broht,bɹɔt,brought
brooqh,bɹutʃ,brooch
bruh,bɹʌ,brugh
brunqh,bɹʌntʃ,brunch
bruse,bɹuz,bruise
brused,bɹuzd,bruised
bruw,bɹaʊ,brow
bruwn,bɹaʊn,brown
bruws,bɹaʊz,brows
bruwse,bɹaʊz,browse
bruwsed,bɹaʊzd,browsed
bunqh,bʌntʃ,bunch
buwse,boʊs,bowse
buwsed,baʊzd,bowsed
bynd,baɪnd,bind
caff,kæf,calf
cahk,kɔk,calk
cahm,kɑm,calm
cand,kænd,canned
carv,kɑɹv,carve
cauhk,kɑk,caulk
cauht,kɑt,caught
cinq,sɪŋk,cinque
cinqh,sɪntʃ,cinch
cirq,sɝk,cirque
cleav,kliv,cleave
clenqh,klɛntʃ,clench
clens,klɛnz,cleanse
clinqh,klɪntʃ,clinch
cliqe,klik,clique
cluwn,klaʊn,clown
clym,klaɪm,climb
coaqh,koʊtʃ,coach
coff,kɑf,cough
cohm,koʊm,comb
cohmd,koʊmd,combed
com,kʌm,come
coodd,kʊd,could
coom,koʊm,combe
cooms,koʊmz,combes
corse,kɔɹs,course
cort,kɔɹt,court
couqh,kaʊtʃ,couch
crouqh,kɹaʊtʃ,crouch
crunqh,kɹʌntʃ,crunch
cruse,kɹuz,cruise
crused,kɹuzd,cruised
cruwd,kɹaʊd,crowd
cruwn,kɹaʊn,crown
curv,kɝv,curve
cuw,kaʊ,cow
cuwl,kaʊl,cowl
dedd,dɛd,dead
deff,dɛf,deaf
delt,dɛlt,dealt
delv,dɛlv,delve
denghe,dɛnɡ,dengue
derth,dɝθ,dearth
deth,dɛθ,death
deths,dɛθs,deaths
dett,dɛt,debt
detts,dɛts,debts
dhuws,daʊz,dhows
doh,doʊ,dough
dorr,dɔɹ,door
dorrs,dɔɹz,doors
dout,daʊt,doubt
dovs,dʌvz,doves
dredd,dɹɛd,dread
dremt,dɹɛmt,dreamt
drenqh,dɹɛntʃ,drench
droghe,dɹoʊɡ,drogue
drouht,dɹaʊt,drought
drouhts,dɹaʊts,droughts
druwn,dɹaʊn,drown
du,du,do
duer,duɹ,doer
dumm,dʌm,dumb
dun,dʌn,done
dus,dɔs,dos
duw,daʊ,dow
duwer,daʊɹ,dower
duwn,daʊn,down
duwse,daʊs,dowse
dwarvs,dwɔɹvz,dwarves
eaqh,itʃ,each
eav,iv,eave
eavs,ivz,eaves
eiht,eɪt,eight
eihth,eɪtθ,eighth
eihths,eɪtθs,eighths
eihts,eɪts,eights
elvs,ɛlvz,elves
erl,ɝl,earle
erls,ɝlz,earls
ern,ɝn,earn
erth,ɝθ,earth
esq,ɛsk,esque
fiht,faɪt,fight
filqh,fɪltʃ,filch
finqh,fɪntʃ,finch
fliht,flaɪt,flight
flinqh,flɪntʃ,flinch
florr,flɔɹ,floor
fludd,flʌd,flood
foht,fɔt,fought
forr,fɔɹ,four
forrs,fɔɹz,fours
forrth,fɔɹθ,fourth
forrths,fɔɹθs,fourths
frauht,fɹɔt,fraught
freiht,fɹeɪt,freight
frend,fɹɛnd,friend
frenqh,fɹɛntʃ,french
friht,fɹaɪt,fright
fruht,fɹut,fruit
fruwn,fɹaʊn,frown
fughe,fjuɡ,fugue
fughes,fjuɡz,fugues
fuwl,faʊl,fowl
fuze,fjuz,fuse
fuzed,fjuzd,fused
fynd,faɪnd,find
gaige,ɡeɪdʒ,gauge
gaiged,ɡeɪdʒd,gauged
gard,ɡɑɹd,guard
ghess,ɡɛs,guess
ghest,ɡɛst,guest
ghide,ɡaɪd,guide
ghild,ɡɪld,guild
ghilds,ɡɪldz,guilds
ghile,ɡaɪl,guile
ghilt,ɡɪlt,guilt
ghise,ɡaɪz,guise
ghool,ɡul,ghoul
ghools,ɡulz,ghouls
giv,ɡɪv,give
glov,ɡlʌv,glove
gon,ɡɔn,gone
goord,ɡɔɹd,gourd
goords,ɡɔɹdz,gourds
goste,ɡoʊst,ghost
graet,ɡɹeɪt,great
graets,ɡɹeɪts,greats
greav,ɡɹiv,greave
greavs,ɡɹivz,greaves
griev,ɡɹiv,grieve
grinqh,ɡɹɪntʃ,grinch
groov,ɡɹuv,groove
grouqh,ɡɹaʊtʃ,grouch
gruwl,ɡɹaʊl,growl
grynd,ɡɹaɪnd,grind
gulqh,ɡʌltʃ,gulch
guwn,ɡaʊn,gown
haff,hæf,half
hart,hɑɹt,heart
harth,hɑɹθ,hearth
harths,hɑɹθs,hearths
hauff,hɔ,haugh
hauht,hɔt,haught
hav,hæv,have
havs,hævz,haves
havv,hæv,halve
heav,hiv,heave
hedd,hɛd,head
helth,hɛlθ,health
henqh,hɛntʃ,hench
herdd,hɝd,heard
herse,hɝs,hearse
hih,haɪ,high
hihs,haɪz,highs
hiht,haɪt,hight
hihth,haɪθ,heighth
hihts,haɪts,heights
hoo,hu,who
hoom,hum,whom
hooqh,hutʃ,hooch
hoose,huz,whose
hoovs,hʊvz,hooves
hord,hɔɹd,horde
hoste,hoʊst,host
houzed,haʊzd,housed
hunqh,hʌntʃ,hunch
huw,haʊ,how
huwe,haʊ,howe
huwes,haʊz,howes
huwk,haʊk,howk
huwl,haʊl,howl
hynd,haɪnd,hind
hynds,haɪndz,hinds
ihle,aɪl,isle
ihles,aɪlz,isles
inqh,ɪntʃ,inch
iye,aɪ,eye
jamm,dʒæm,jamb
juce,dʒus,juice
juwl,dʒaʊl,jowl
keeqh,kitʃ,keech
keye,ki,quay
kniht,naɪt,knight
kynd,kaɪnd,kind
kynds,kaɪndz,kinds
laff,læf,laugh
lamm,læm,lamb
larqh,lɑɹtʃ,larch
launqh,lɔntʃ,launch
leagh,liɡ,league
leaqh,litʃ,leach
leav,liv,leave
leeqh,litʃ,leech
leqh,lɛk,lech
lern,lɝn,learn
lernt,lɝnt,learnt
liht,laɪt,light
limm,lɪm,limb
limms,lɪmz,limbs
liqh,lɪtʃ,lich
loavs,loʊvz,loaves
lov,lʌv,love
lunqh,lʌntʃ,lunch
lurqh,lɝtʃ,lurch
luse,luz,lose
luwn,laʊn,lown
lynqh,lɪntʃ,lynch
mahm,mɑm,malm
marq,mɑɹk,marque
marqh,mɑɹtʃ,march
marqs,mɑɹks,marques
miht,maɪt,might
milqh,mɪltʃ,milch
moosse,mus,mousse
moov,muv,move
moovd,muvd,moved
morg,mɔɹɡ,morgue
morgs,mɔɹɡz,morgues
morrn,mɔɹn,mourn
mosq,mɑsk,mosque
mosqs,mɑsks,mosques
mowv,mɔv,mauve
mulqh,mʌltʃ,mulch
munqh,mʌntʃ,munch
muqh,mʌtʃ,much
myld,maɪld,mild
mynd,maɪnd,mind
nauht,nɔt,naught
neavs,nivz,neaves
nerv,nɝv,nerve
nih,naɪ,nigh
niht,naɪt,nite
nonn,nʌn,none
numm,nʌm,numb
nuw,naʊ,now
oht,ɔt,ought
ouqh,aʊtʃ,ouch
ov,ʌv,of
paer,pɛɹ,pear
paers,pɛɹz,pears
parqh,pɑɹtʃ,parch
pasq,pæsk,pasque
peaqh,pitʃ,peach
peev,piv,peeve
perl,pɝl,pearl
perls,pɝlz,pearls
perqh,pɝtʃ,perch
pinqh,pɪntʃ,pinch
piqe,pik,pique
piqed,pikt,piqued
pladd,plæd,plaid
plaghe,pleɪɡ,plague
plaghed,pleɪɡd,plagued
plaq,plæk,plaque
plaqs,plæks,plaques
pliht,plaɪt,plight
plouh,plaʊ,plough
pluw,plaʊ,plow
poaqh,poʊtʃ,poach
pooqh,putʃ,pooch
porqh,pɔɹtʃ,porch
porr,pɔɹ,pour
poste,poʊst,post
pouqh,paʊtʃ,pouch
preaqh,pɹitʃ,preach
proov,pɹuv,prove
proovd,pɹuvd,proved
pruw,pɹaʊ,prow
pruwl,pɹaʊl,prowl
pruws,pɹaʊz,prows
puhe,pju,pugh
punqh,pʌntʃ,punch
puw,paʊ,pow
pynt,paɪnt,pint
pynts,paɪnts,pints
qeu,kju,queue
qha,tʃɑ,cha
qhad,tʃæd,chad
qhafe,tʃeɪf,chafe
qhafed,tʃeɪft,chafed
qhaff,tʃæf,chaff
qhahk,tʃɑk,chalk
qhain,tʃeɪn,chain
qhair,tʃɛɹ,chair
qhamp,tʃæmp,champ
qhance,tʃæns,chance
qhange,tʃeɪndʒ,change
qhanged,tʃeɪndʒd,changed
qhant,tʃænt,chant
qhap,tʃæp,chap
qhar,tʃɑɹ,char
qhard,tʃɑɹd,chard
qharge,tʃɑɹdʒ,charge
qharged,tʃɑɹdʒd,charged
qharm,tʃɑɹm,charm
qhart,tʃɑɹt,chart
qhase,tʃeɪs,chase
qhased,tʃeɪst,chased
qhaste,tʃeɪst,chaste
qhat,tʃæt,chat
qhaw,tʃɔ,chaw
qheap,tʃip,cheap
qheat,tʃit,cheat
qheck,tʃɛk,check
qheek,tʃik,cheek
qheer,tʃɪɹ,cheer
qheese,tʃiz,cheese
qhert,tʃɝt,chert
qherts,tʃɝts,cherts
qhess,tʃɛs,chess
qhest,tʃɛst,chest
qhests,tʃɛsts,chests
qhew,tʃu,chew
qhick,tʃɪk,chick
qhicks,tʃɪks,chicks
qhide,tʃaɪd,chide
qhief,tʃif,chief
qhiefs,tʃifs,chiefs
qhill,tʃɪl,chill
qhime,tʃaɪm,chime
qhimed,tʃaɪmd,chimed
qhimp,tʃɪmp,chimp
qhimps,tʃɪmps,chimps
qhin,tʃɪn,chin
qhink,tʃɪŋk,chink
qhip,tʃɪp,chip
qhirp,tʃɝp,chirp
qhit,tʃɪt,chit
qhits,tʃɪts,chits
qhives,tʃaɪvz,chives
qhock,tʃɑk,chock
qhoice,tʃɔɪs,choice
qhoke,tʃoʊk,choke
qhoked,tʃoʊkt,choked
qhomp,tʃɑmp,chomp
qhon,tʃɑn,chon
qhook,tʃʊk,chook
qhoose,tʃuz,choose
qhop,tʃɑp,chop
qhose,tʃoʊz,chose
qhuck,tʃʌk,chuck
qhug,tʃʌɡ,chug
qhum,tʃʌm,chum
qhump,tʃʌmp,chump
qhunk,tʃʌŋk,chunk
qhurn,tʃɝn,churn
qhurqh,tʃɝtʃ,church
qhuse,tʃjuz,chuse
qhuw,tʃaʊ,chow
qhyld,tʃaɪld,child
qhylde,tʃɪld,childe
qishe,kiʃ,quiche
quahms,kwɑmz,qualms
quenqh,kwɛntʃ,quench
ranqh,ɹæntʃ,ranch
raqh,ɹætʃ,rach
reaqh,ɹitʃ,reach
reev,ɹiv,reeve
relm,ɹɛlm,realm
relms,ɹɛlmz,realms
riht,ɹaɪt,right
riqh,ɹɪtʃ,rich
roaqh,ɹoʊtʃ,roach
roghe,ɹoʊɡ,rogue
roqe,ɹoʊk,roque
ruff,ɹʌf,rough
rynd,ɹaɪnd,rind
salv,sɑv,salve
scarvs,skɑɹvz,scarves
scorqh,skɔɹtʃ,scorch
screeqh,skɹitʃ,screech
scrunqh,skɹʌntʃ,scrunch
scurge,skɝdʒ,scourge
scurged,skɝdʒd,scourged
scuw,skaʊ,scow
scuwl,skaʊl,scowl
seeze,siz,seize
seezed,sizd,seized
segweh,sɛɡ,segue
selvs,sɛlvz,selves
serqh,sɝtʃ,search
serv,sɝv,serve
shal,ʃæl,shall
shelv,ʃɛlv,shelve
shoodd,ʃʊd,should
shov,ʃʌv,shove
shue,ʃu,shoe
sih,saɪ,sigh
siht,saɪt,sight
siv,sɪv,sieve
sleev,sliv,sleeve
sleih,sleɪ,sleigh
sleiht,slaɪt,sleight
sliht,slaɪt,slight
slouqh,slaʊtʃ,slouch
sluce,slus,sluice
smoothe,smuð,smooth
soh,soʊ,sew
sohl,soʊl,soul
sohn,soʊn,sewn
soht,sɔt,sought
solv,sɑlv,solve
som,sʌm,some
sorce,sɔɹs,source
sord,sɔɹd,sword
speeqh,spitʃ,speech
spredd,spɹɛd,spread
squelqh,skwɛltʃ,squelch
staek,steɪk,steak
staeks,steɪks,steaks
stahk,stɔk,stalk
stanqh,stæntʃ,stanch
starqh,stɑɹtʃ,starch
starv,stɑɹv,starve
staunqh,stɔntʃ,staunch
stelth,stɛlθ,stealth
stenqh,stɛntʃ,stench
straiht,stɹeɪt,straight
straihts,stɹeɪts,straights
stringd,stɹɪŋd,stringed
suht,sut,suit
suqh,sʌtʃ,such
svelt,svɛlt,svelte
swaer,swɛɹ,swear
swerv,swɝv,swerve
swett,swɛt,sweat
sythe,sɪθ,scythe
tahk,tɔk,talk
tauht,tɔt,taught
teaqh,titʃ,teach
tenqh,tɛntʃ,tench
thih,θaɪ,thigh
thihs,θaɪz,thighs
thoh,ðoʊ,though
thoht,θɔt,thought
thohts,θɔts,thoughts
thredd,θɹɛd,thread
thrett,θɹɛt,threat
thruh,θɹu,thru
thumm,θʌm,thumb
tiht,taɪt,tight
toom,tum,tomb
tooms,tumz,tombs
toor,tʊɹ,tour
torq,tɔɹk,torque
torqh,tɔɹtʃ,torch
tredd,tɹɛd,tread
trenqh,tɹɛntʃ,trench
troff,tɹɔf,trough
tu,tu,to
tuff,tʌf,tough
tuffs,tʌfs,toughs
tung,tʌŋ,tongue
tungd,tʌŋd,tongued
tuqh,tʌtʃ,touch
tuwn,taʊn,town
tuwne,taʊn,towne
tuwnes,taʊnz,townes
tuwns,taʊnz,towns
twelv,twɛlv,twelve
twu,tu,two
twus,tuz,twos
uw,oʊ,ow
uwl,aʊl,owl
uwls,aʊlz,owls
uzed,juzd,used
vaghe,veɪɡ,vague
valv,vælv,valve
voghe,voʊɡ,vogue
vouqh,vaʊtʃ,vouch
vuw,vaʊ,vow
waer,wɛɹ,wear
wahk,wɔk,walk
waiv,weɪv,waive
weav,wiv,weave
weer,wiɹ,weir
weerd,wɪɹd,weird
weih,weɪ,weigh
weiht,weɪt,weight
welqh,wɛltʃ,welch
welth,wɛlθ,wealth
welths,wɛlθs,wealths
wer,wɚ,were
whiqh,wɪtʃ,which
wiht,waɪt,wight
winqh,wɪntʃ,winch
wiqh,wɪtʃ,wich
wolvs,wʊlvz,wolves
woodd,wʊd,would
woom,wum,womb
wrenqh,ɹɛntʃ,wrench
wriht,ɹaɪt,wright
wrihts,ɹaɪts,wrights
wroht,ɹɔt,wrought
wun,wʌn,one
wunce,wʌns,once
wuns,wʌnz,ones
wuw,waʊ,wow
wyld,waɪld,wild
yaht,jɑt,yacht
yern,jɝn,yearn
yohk,joʊk,yolk
yohks,joʊks,yolks
yor,jɔɹ,your
yors,jʊɹz,yours
yu,ju,you
yung,jʌŋ,young
yus,jus,yous
yuse,jaʊs,youse
yuth,juθ,youth
yuths,juðz,youths
zilqh,zɪltʃ,zilch
